Id,Type,Blindness,Day,Time,AbstractFileName,SlidesFileName,Title,Authors,abstract_url,Abstract
3EZXZV,talk,Blind,09-Tue,17h45,2026-06-09-RISC-V-Summit-Europe-17h45-MONTICELLI-abstract.pdf,2026-06-09-RISC-V-Summit-Europe-17h45-MONTICELLI-slides.pdf,Heuristic-free system call interception on RISC-V,"Ottavio Monticelli, Iacopo Colonnelli, and Marco Edoardo Santimaria",,"Many applications benefit from the ability to intercept, block, or modify system calls efficiently. Binary rewriting is one of the fastest techniques to achieve this, but it often relies on instruction-dependent heuristics that limit its applicability. To date, exhaustive rewriting techniques (introduced by zpoline) are only available for x86-64 ISA. This work introduces vpoline, the first fully heuristics-free system call interception library for RISC-V. By leveraging the RISC-V linker relaxation mechanism, vpoline achieves the same benefits as zpoline while overcoming the intrinsic limitation of requiring privileged access."
8LUM7U,talk,Non-blind,10-Wed,17h00,2026-06-10-RISC-V-Summit-Europe-17h00-MAUDERER-abstract.pdf,2026-06-10-RISC-V-Summit-Europe-17h00-MAUDERER-slides.pdf,RISC-V Custom Instructions for Automotive Control and DSP Algorithms Compliant with ISO 26262,Andreas Mauderer and Zdenek Prikryl,,"The stringent safety requirements of the automotive industry necessitate compliance with standards like ISO 26262. Processor cores, often pre-certified to ASIL-B or ASIL-D, face certification risks when modified. This work focuses on the development of custom instructions that are integrated through Codasip’s Bounded Customization (BC) without directly modifying the core’s verified RTL. The paper details a workflow for this process and presents performance results demonstrating the acceleration achieved for key automotive and DSP algorithms, including Field Oriented Control (FOC). All extensions were consolidated into a unified custom processor, termed as the Motor Control with DSP (MCXD) core, featuring a scheduling algorithm that coordinates FOC and filtering routines. Synthesis showed an area increase of ~31%, while runtime and instruction count measurements demonstrated performance improvement of up to ~21%. These results validate that domain-specific acceleration can be achieved within the boundaries of ISO 26262."
B7EASJ,talk,Non-blind,09-Tue,12h00,2026-06-09-RISC-V-Summit-Europe-12h00-XU-abstract.pdf,2026-06-09-RISC-V-Summit-Europe-12h00-XU-slides.pdf,RVA23 Profile Support in Linux Kernel: From Extension Definitions to Userspace Export,Guodong Xu and Charlie,,"RVA23, ratified by RISC-V International in October 2024, defines the mandatory extension baseline for application-class RISC-V. Eighteen months on, is the profile real inside the software stack? This talk answers from one vantage point — the Linux kernel — through a shipping part.

SpacemiT's K3 is the first mass-produced RVA23 SoC. Bringing it up in mainline (RISCstar with SpacemiT), we found the kernel's RVA23 mandatory coverage stuck near 68% for a year, with bindings missing several extensions. Over several revisions those gaps closed, and Linux v7.0 reached 100%.

From that experience, I examine how the community decides what ""supporting"" an extension means: a data-backed classification by whether an extension adds architectural state the OS must save and restore — showing roughly two-thirds are stateless and only need to be discoverable, not implemented. This explains the principles maintainers apply.

I then cover two complementary halves now in review for v7.1. 

1) Runtime detection: a unified series, carried forward from Andrew Jones' (Qualcomm) RFC, resolving rva23u64/rva23s64 base behaviour and exporting it via /proc/cpuinfo and hwprobe. 

2) Compile-time specialisation, presented by co-speaker Charlie Jenkins (Meta), builds the kernel for RVA23. I share review feedback — including Paul Walmsley's call for hardware measurements — answered with numbers from the K3.

Complete mainline RVA23 lets distributions ship generic images and reduce fragmentation; Ubuntu 26.04 has adopted it while Debian, Fedora and Red Hat wait."
BTUW3M,talk,Non-blind,09-Tue,12h30,2026-06-09-RISC-V-Summit-Europe-12h30-TAYLOR-abstract.pdf,2026-06-09-RISC-V-Summit-Europe-12h30-TAYLOR-slides.pdf,Building the software ecosystem for a RISC-V datacenter,Jon Taylor,,"The RISC-V software ecosystem has grown steadily over the last few years. For embedded software it is reasonably complete, with good compiler, RTOS, and IDE support. The Linux kernel is also well supported, with RISC-V long having upstream support, and RVA23 now supported too. Canonical moved to requiring RVA23 with the release of Ubuntu 25.10, ready for the next generation of RISC-V silicon. But building out a data center takes more than just a good desktop experience. This poster/paper will examine the other elements required including provisioning, hypervisors, containers, orchestration, and also discusses how to manage custom instructions, security, maintenance. Going beyond theory, it discusses the data center Canonical will be building to include RISC-V RVA23 silicon supporting the Launchpad.net community website as well as other uses."
D3TVFS,talk,Blind,11-Thu,16h45,2026-06-11-RISC-V-Summit-Europe-16h45-CECCOLINI-abstract.pdf,2026-06-11-RISC-V-Summit-Europe-16h45-CECCOLINI-slides.pdf,Accelerating Sparse Linear Solvers in OpenFOAM using RISC-V Vector Extensions,Gabriele Ceccolini,,"Computational Fluid Dynamics (CFD) relies heavily on the efficiency of linear solvers based on sparse linear algebra kernels. Widely used frameworks like OpenFOAM exploit parallelism primarily at the domain decomposi-tion level via MPI. Support for vector/SIMD architectures is limited to compiler auto-vectorization. Furthermore, support for such architectures is limited by OpenFOAM’s internal matrix data format, which is intrinsically ill-suited for the contiguous memory accesses required for efficient execution on vector processors. In this work, we focused on two very different RISC-V architectures: the prototype long-vector EPAC accelerator and the commercial short-vector CPU Sophon SG2044. On these platforms, we optimized the Sparse Matrix-Vector multiplication (SpMV) using RISC-V vector intrinsics and integrated it into a custom smoother, performing a runtime conversion of internal data into a vector-friendly format. Experimental results on the EPAC test chip show a 6× speedup for the smoother; benchmarks on Monte Cimone (MCv2) cluster with the Sophon SG2044 processor achieve a 1.5× smoother speedup, proving that legacy CFD codes can be effectively accelerated on both research and commercial emerging hardware."
ETWPMQ,talk,Blind,11-Thu,12h00,2026-06-11-RISC-V-Summit-Europe-12h00-TOMSICH-abstract.pdf,2026-06-11-RISC-V-Summit-Europe-12h00-TOMSICH-slides.pdf,"All The Scaling, No New State: One Matrix ISA with Microarchitectural Freedom",Dr. Philipp Tomsich and Dr. Erich Focht,,"RISC-V's Zvvm matrix extension stores all tile state in the standard V register file and derives tile geometry algebraically from VLEN, SEW, and a new aspect-ratio field λ. This yields arithmetic intensity that scales with VLEN: a binary compiled at VLEN=256 delivers higher throughput at VLEN=65536 with no recompilation. The same partial-VL mechanism that enables one-column-at-a-time embedded streaming also drives full HPC bulk tiling, while microscaling is integrated via vm-bit opcode aliasing with no new architectural state.

Tile dimensions are not programmer-specified constants — they are consequences of existing parameters. The tile is always square: M = N = VLEN/(SEW×λ), with inner dimension K\_eff = λ×W×LMUL. Arithmetic intensity (M/2) grows proportionally with VLEN, and the ratio of intensity to cache-to-VRF bandwidth remains constant — a provable algebraic identity with no equivalent in Arm SME or Intel AMX.

Zvvm's geometry knobs form an intent vocabulary expressed from both sides: software selects LMUL and VL to control K\_eff depth and streaming granularity; hardware determines λ and VLEN to shape the tile for its datapath. Setting VL = K\_eff with LMUL = 1 gives portable streaming; increasing LMUL or computing multiple C panels trades register pressure for compute intensity — all via the same opcode.

Microscaling (MX) support is integrated by aliasing the vm bit in FP multiply-accumulate opcodes, introducing no new encoding space, registers, or modes."
EXN7PD,talk,Blind,09-Tue,17h30,2026-06-09-RISC-V-Summit-Europe-17h30-LIU-abstract.pdf,2026-06-09-RISC-V-Summit-Europe-17h30-LIU-slides.pdf,Enabling Confidential Computing on RISC-V: An Open-Source MPT Implementation,Haoyuan Liu,,"Memory Protection Tables (MPT) is an emerging RISC-V extension under community discussion that enables fine-grained multi-supervisor domain physical memory isolation and access control for multi-tenant computing, addressing the security and isolation limitations of the traditional PMP mechanisms. This work presents the first open-source hardware implementation of the MPT draft specification (v0.4). Our design features a multi-level cache for accelerated permission checking and an L1TLB extension to reduce query frequency, with a decoupled architecture for portability. Evaluation shows only 2.32\% average SPEC06 performance overhead and a 0.244\% core area overhead, providing a hardware reference for SMMPT standardization."
FRDLL7,talk,Blind,11-Thu,12h45,2026-06-11-RISC-V-Summit-Europe-12h45-PANDEY-abstract.pdf,2026-06-11-RISC-V-Summit-Europe-12h45-PANDEY-slides.pdf,CHAKRA-GP: A Retargetable Compiler Framework for RISC-V GPGPU Architectures,Prachi Pandey and PRANOSE J EDAVOOR,,"The emergence of RISC-V as an open and extensible instruction set architecture has enabled the development of domain-specific accelerators and General-Purpose Graphics Processing Units (GPGPUs). While the RISC-V ISA provides support for scalar instructions and the RISC-V Vector Extension (RVV) enables data-parallel vector execution, these models do not directly support the Single-Instruction Multiple-Thread (SIMT) execution paradigm required by modern GPU architectures. Consequently, efficient software enablement for RISC-V–based GPUs requires compiler support capable of generating SIMT-oriented instruction sequences and managing massively parallel execution. This proposal talks about CHAKRA-GP, a hardware-optimized compiler framework for RISC-V–based GPGPU architectures. Built upon LLVM and MLIR infrastructures, CHAKRA-GP provides a scalable compilation pipeline enabling efficient kernel generation, memory optimization, and parallel execution mapping for massively parallel workloads. The compiler targets custom RISC-V GPGPU platforms and enables efficient execution of HPC, scientific computing, and AI workloads. The work demonstrates how an extensible compiler infrastructure can bridge the gap between the RISC-V ISA and SIMT-based GPU execution models, enabling efficient compilation for customizable RISC-V GPGPU architectures."
G7Y79Q,talk,Blind,11-Thu,12h15,2026-06-11-RISC-V-Summit-Europe-12h15-GUELLA-abstract.pdf,2026-06-11-RISC-V-Summit-Europe-12h15-GUELLA-slides.pdf,ARCANE: Enabling High-Performance In-Cache Tensor Extensions in RISC-V,Flavia Guella and Vincenzo Petrolo,,"Modern data-centric workloads increasingly expose the limitations of traditional von Neumann architectures, where excessive data movement limits throughput and energy efficiency.
        While hardware accelerators improve performance, they often lack flexibility and still require costly memory transfers.
        Existing compute in- and near-memory solutions reduce the memory bottleneck but introduce usability challenges related to constraints on data placement.
        ARCANE is a cache architecture that doubles as a tightly-coupled near-memory coprocessor.
        The embedded RISC-V cache controller executes custom instructions offloaded by the host CPU relying on near-memory vector processing units within the cache memory subsystem. This architecture hides memory synchronization and data mapping from application software, while offering software-based Instruction Set Architecture extensibility.
        Evaluations demonstrate up to an 84x speedup on 8-bit convolution layers over a traditional system-on-chip, incurring only a 41.3\% area overhead."
G7YSXG,talk,Blind,10-Wed,16h45,2026-06-10-RISC-V-Summit-Europe-16h45-MERLANDE-abstract.pdf,2026-06-10-RISC-V-Summit-Europe-16h45-MERLANDE-slides.pdf,Ultra Low Power RISC-V core:  Retention with Warm Restart Extension,Anne Merlande,,"Energy saving is a top priority for STMicroelectronics products. For the STxP5 embedded CPU based on the RISC-V architecture, there is a particular focus on minimizing static power when the core is inactive. Additionally, it is important to optimize the CPU restart time, silicon area, implementation complexity, and software overhead. The Ultra Low Power Retention with Warm Restart Mode addresses these challenges by maximizing power savings and reducing drawbacks typically associated with resuming operation. This solution leverages the modular, scalable, customizable, and extensible nature of the RISC-V architecture by defining and implementing a custom RISC-V extension and tailored microarchitecture."
HC7JS8,talk,Blind,10-Wed,12h15,2026-06-10-RISC-V-Summit-Europe-12h15-LINGARDO-abstract.pdf,2026-06-10-RISC-V-Summit-Europe-12h15-LINGARDO-slides.pdf,RIVIERA: A Programmable RISC V Edge Architecture for NFC Signal Processing,Luca Lingardo,,"RIVIERA core, developed within Chips-JU TRISTAN Project, is a valid alternative to State-of-Art DSP architectures used in NFC Readers downlink signal processing. Instead of relying on custom hardware, RIVIERA employs an open source RISC-V core and its ISA extension interface to implement a software defined-radio (SDR) architecture, thus moving processing to the extreme edge of an NFC communication system. The first RIVIERA prototype targets decoding of NFC Type A tags responses and is ready by-design to cover other NFC standards and rates. By replacing hardened logic functions with SW data processing supported by a general-purpose DSP accelerator, RIVIERA reduces pre-silicon engineering effort, enables continuous post silicon improvements, and facilitates portability across SoCs designs and technology nodes. This work demonstrates how application-specific custom RISC V ISA extensions can effectively and efficiently handle RF baseband workloads, paving the way for the adoption of SDR architectures in RF communications for the IoT mass market."
HNQPKX,talk,Non-blind,11-Thu,12h30,2026-06-11-RISC-V-Summit-Europe-12h30-BOELLA-abstract.pdf,2026-06-11-RISC-V-Summit-Europe-12h30-BOELLA-slides.pdf,Evaluating Tenstorrent RISC-V Accelerators for High Performance Scientific Computing,Elisabetta Boella,,"We implemented an N-body astrophysical simulation code and offloaded its most computationally intensive kernel to Tenstorrent RISC-V–based accelerators using the TT-Metalium programming interface. Performance was assessed on the Wormhole n300 card in terms of execution time and energy consumption, and compared with both an optimized CPU implementation and a CUDA version. The TT-Metalium implementation achieves a speedup of 2× over the CPU baseline, although its performance still slightly lags behind the CUDA implementation. Finally, we investigated strategies for scaling the application across multiple Tenstorrent accelerators, evaluating configurations with up to four devices."
JKTENR,talk,Non-blind,10-Wed,12h30,2026-06-10-RISC-V-Summit-Europe-12h30-JEREMIASSEN-abstract.pdf,2026-06-10-RISC-V-Summit-Europe-12h30-JEREMIASSEN-slides.pdf,Accelerating RISC-V Innovation with open MPACT Tools from Google,Tor Jeremiassen and Yenkai Wang,,"The MPACT Tools portfolio provides open-source tools that increase the velocity of HW-SW co-design and development of RISC-V based systems.

MPACT-Sim [1] is an ISS framework in C++ that makes it easier to create ISSs from scratch, and supports rapid changes in response to ISA design changes or user-needed functional enhancements. Using DSLs to describe the instruction set and encoding, it automatically generates instruction decoder source, and provides support for generating assemblers and disassemblers. MPACT-Sim enables rapid HW/SW co-design and early pre-Silicon software development.

MPACT-RiscV [2] (built using MPACT-Sim) is a highly configurable RiscV ISS, with an interactive command interface for assembly level debugging and a customizable assembler which generates both relocatable and executable output files.

To demonstrate the practical impact of the MPACT ecosystem, we present the real-world case study of the CoralNPU machine learning core [3], which is focused on development and execution of ML kernels. The CoralNPU-MPACT ISS [4] development was significantly accelerated by leveraging the fundamental MPACT-Sim and MPACT-RiscV infrastructure, requiring only  limited modifications to support the additions to the CoralNPU's instruction set and memory access rules.

The CoralNPU UVM testbench [5] captures every retired instruction via the standardized RISC-V Verification Interface (RVVI) and steps the MPACT ISS model using a SystemVerilog DPI bridge. The testbench then retrieves golden reference values from the model to verify equivalence against the CoralNPU RTL, detecting functional bugs during development."
KMNP8Q,talk,Non-blind,09-Tue,12h15,2026-06-09-RISC-V-Summit-Europe-12h15-EGGE-abstract.pdf,2026-06-09-RISC-V-Summit-Europe-12h15-EGGE-slides.pdf,The RISE Project: Advancing the RISC-V Software Ecosystem,Nathan Egge and Ludovic Henry,,"The RISC-V Software Ecosystem (RISE) Project is a Linux Foundation Europe initiative where hardware, software and services companies collaborate to bridge the gap between architectural potential and commercial software readiness. While the RISC-V community is highly impactful, industrial-grade software often requires an extra push. RISE provides this through direct engineering, an RFP process that has already deployed over €1M in contracts, and individual support through the RISE Developer Appreciation Program.

This session highlights how RISE is accelerating RISC-V adoption within key upstream open-source projects. We will detail our strategic push to enable AI/ML workloads through targeted investments in PyTorch, Llama.cpp, IREE, oneDNN, and OpenBLAS. We’ll demonstrate how RISE is lowering the barrier to entry by providing free GitHub and GitLab runners for riscv64, alongside self-service remote hardware access via the RISE Board Farm. Finally, we will share our long-term roadmap for ecosystem performance and stability, focusing on LLVM auto-vectorization for RVV at scale and the RISE Build Farm’s role in proactive bug detection across kernel, toolchain and system libraries."
MCBEUE,talk,Non-blind,11-Thu,10h00,2026-06-11-RISC-V-Summit-Europe-10h00-YOSHIMITSU-abstract.pdf,2026-06-11-RISC-V-Summit-Europe-10h00-YOSHIMITSU-slides.pdf,World's first lunar exploration rover using FPGA-based RISC-V processor,Tetsuo YOSHIMITSU,,"A small lunar rover named ""LEV-1"" made surface mobility exploration on the Moon in January 2024. This was the first lunar exploration robot in our country. LEV-1 was installed in the lunar lander ""SLIM"" and was deployed onto the Moon surface just before landing.

LEV-1 explored over the landing area fully autonomously after the deployment. The obained data inclusing images were directly transmitted to the Ground with no relay by the lander.

The onboard computer of the rover used a RISC-V soft-core CPU implemented within the FPGA. The system is one of the world's first onboard computers using a RISC-V processor being operated on the Moon.

This paper describes the configuration of the RISC-V controller installed on LEV-1 rover as well as the technical background for using RISC-V in space applications."
MUFY8Z,talk,Blind,11-Thu,16h30,2026-06-11-RISC-V-Summit-Europe-16h30-PÉTROT-abstract.pdf,2026-06-11-RISC-V-Summit-Europe-16h30-PÉTROT-slides.pdf,A Proof-of-Concept RISC-V with 128-bit Extension,Frédéric Pétrot,,"Addressing ever-larger amounts of memory is a fact of (computerized) life. The authors of the RISC-V unpriviledge specification did recognize that and coined on less than one and a half page what could be a natural extension to 128-bit of the  32- and 64-bit RISC-V ISA. Given this RV128I draft, we (a) defined an ELF128 extension for binaries, (b) made gnu-based a cross-compilation environment able to use RV128I instructions and generate ELF128 binaries, (c) added support for this extension and ELF128 in QEMU, (d) added the necessary instructions and resources in the CVA6 processor."
NHUVSR,talk,Non-blind,11-Thu,17h15,2026-06-11-RISC-V-Summit-Europe-17h15-HAGER-abstract.pdf,2026-06-11-RISC-V-Summit-Europe-17h15-HAGER-slides.pdf,wueHans: A Full-Stack Open-Source RISC-V Gaming Console and SoC Architecture,"Jonathan Hager, Timo Grundheber, Matthias Jung, and Yannik Stamm",,"To address the lack of hardware sovereignty in proprietary console ecosystems, this paper presents a fully open-source RISC-V gaming platform utilizing a VexRiscv core and Lattice ECP5 FPGA. We implemented a custom SoC featuring dedicated 2D GPU and APU accelerators, supported by a complete LLVM-based toolchain and a high-level Game Development Framework API. Validation through a 48-hour game jam demonstrated the platform’s utility, achieving a stable 640 × 480 at 60 FPS output and high power efficiency for independent development."
PC8KYU,talk,Non-blind,09-Tue,17h00,2026-06-09-RISC-V-Summit-Europe-17h00-KURD-abstract.pdf,2026-06-09-RISC-V-Summit-Europe-17h00-KURD-slides.pdf,Why the industry needs CHERI to be able to meet the EU Cyber Resilience Act,Tariq Kurd,,"The Cyber Resilience Act is fully enforced in for all products ""with a digital element"" sold in the EU from December 2027. It has highly stringent requirements on manufacturers, such as products being “secure by design and by default” and “having no known vulnerabilities” at the point of going on sale. Discovered vulnerabilities in the product must be reported within 24 hours for critical exploits. All vulnerabilities must be patched within a short time frame, and support must be for 5 years or longer depending on the product.
As a specific example of the effect of the CRA on consumer products, the Linux kernel had 4336 reported exploits (CVEs) in 2024 (12 per day) and 5779 in 2025 (16 per day). Linux is used in an increasingly large range of consumer devices, not least a large proportion of the world’s smartphones. The able to continue to sell these products in Europe, then the industry really needs to move to a much more securely constructed systems.  CHERI systems have memory safety bult-in which resolves 70% of vulnerabilities seen in weaker non-CHERI legacy systems.
Resolving such a large proportion of vulnerabilities at source will greatly reduce the support and maintenance costs, if nothing else. As a result of the CRA, there will be a large shift in the industry to make systems much more secure.
We expect that much of that shift will be towards CHERI systems as manufacturers wake up to the cost savings."
QVKCU9,talk,Blind,10-Wed,12h45,2026-06-10-RISC-V-Summit-Europe-12h45-XU-abstract.pdf,2026-06-10-RISC-V-Summit-Europe-12h45-XU-slides.pdf,SVM: A Synthesizable Approach to Efficient RISC-V CPU Verification,Yinan Xu,,"The growing complexity of RISC-V processors, driven by rapidly expanding ISA extensions and sophisticated microarchitectures, has made functional verification a dominant bottleneck. Contemporary CPU verification commonly relies on RTL co-simulation against a software reference model, but on hardware-assisted simulation platforms (e.g., FPGAs) this workflow is fundamentally limited by high-volume communication between the accelerated RTL and the host-executed reference, preventing verification throughput from scaling. This paper addresses this by eliminating the RTL-host interaction bottleneck and proposing a Synthesizable Verification Methodology (SVM). We re-architect a RISC-V reference model as synthesizable hardware and deploy it alongside the design under test on the same acceleration platform, enabling fully hardware-based co-simulation at near-native speeds (60 MHz on FPGAs) while preserving reference-model checking and debug observability."
R7MK7D,talk,Blind,10-Wed,17h45,2026-06-10-RISC-V-Summit-Europe-17h45-TEDESCHI-abstract.pdf,2026-06-10-RISC-V-Summit-Europe-17h45-TEDESCHI-slides.pdf,"An Open-Source CVA6S+ based High-Performance, Cache-Coherent Cluster for 64b Automotive MPUs",Riccardo Tedeschi,,"Driven by the need for zonal control architectures in software-defined vehicles, open-source RISC-V cores are becoming a compelling solution for automotive microprocessor units (MPUs). We introduce a 64b cache-coherent, tightly coupled cluster built upon the industry-backed OpenHW CVA6S+ core and HPDCache, capable of executing SMP Linux and RTOS kernels. A design space exploration of the core branch predictor identifies an embedded tournament configuration that reduces its area by 11.6% with no loss in accuracy. Evaluated on the Splash-3 benchmark suite, the cluster achieves a geometric mean speedup of 1.75× over a single-core baseline, and a 1.21× speedup over a prior implementation based on the scalar CVA6 and legacy cache subsystem. Synthesized in GlobalFoundries' 12 nm FinFET, the dual-core cluster incurs less than 1% per-core area overhead, with the coherent unit in the interconnect contributing only 35 kGE (1.5%) to the total cluster footprint."
RRD8XA,talk,Non-blind,10-Wed,17h30,2026-06-10-RISC-V-Summit-Europe-17h30-CREMINS-abstract.pdf,2026-06-10-RISC-V-Summit-Europe-17h30-CREMINS-slides.pdf,Enabling High-Performance Storage for RISC-V: Porting the Lustre Parallel File System,Dave Cremins,,"Lustre powers approximately 70% of TOP500 supercomputers and is essential infrastructure for high-performance computing (HPC). Our work enables RISC-V systems to access Lustre storage clusters, addressing a critical gap in the RISC-V HPC ecosystem. The port required only 8 minimal patches (19 lines changed across 9 files) to Lustre 2.17.0, demonstrating the maturity of both the RISC-V Linux ecosystem and Lustre’s portable codebase. We validated functionality through QEMU-based testing with multi-client mount operations, FIO, and IOR benchmarks. The patches are being submitted upstream to the Lustre project for inclusion in future releases."
TX9SGW,talk,Non-blind,11-Thu,17h00,2026-06-11-RISC-V-Summit-Europe-17h00-AHMAD-abstract.pdf,2026-06-11-RISC-V-Summit-Europe-17h00-AHMAD-slides.pdf,Optimizing Llama.cpp and GGML for RISC-V Vector (RVV),"Taimur Ahmad, Adeel Ahmad, Ahsan Jalil, and Ahsan Jalil",,"Llama.cpp is a widely used open-source platform for running Large Language Models (LLMs) on CPUs, but its support for RISC-V remains limited compared to x86 and ARM. Many floating-point and quantized kernels lack RISC-V Vector (RVV) implementations, restricting the performance of existing hardware. This work improves the upstream RISC-V performance by vectorizing core floating-point kernels and extending support across multiple quantization types, enabling first-class support for RVV in Llama.cpp. VLEN-aware data repacking is introduced to accelerate GEMM and GEMV kernels for both floating point and quantization types. The optimized kernels are validated across VLENs up to 1024-bit, with benchmarking on Banana Pi BPI-F3 (256-bit VLEN) demonstrating considerable performance gains over upstream Llama.cpp. This work is supported by the RISC-V Software Ecosystem (RISE), with the vectorized kernels being upstreamed to Llama.cpp along with the test infrastructure."
UCYLJC,talk,Non-blind,10-Wed,12h00,2026-06-10-RISC-V-Summit-Europe-12h00-MAGNO-abstract.pdf,2026-06-10-RISC-V-Summit-Europe-12h00-MAGNO-slides.pdf,"RVEdge-Vision: A Fully Open, Ultra-Efficient On-Device AI Platform for Smart Eyewear",Michele Magno,,"Smart eyewear promises unobtrusive, context-aware human–computer interaction by leveraging strategically placed multimodal sensors and on-device intelligence. However, integrating high-bandwidth sensing and machine learning inference within a compact and lightweight form factor remains challenging due to strict constraints in power consumption, memory footprint, and computational efficiency.This work presents RVEdge-Vision, an open hardware and software platform built on the RISC-V ecosystem that enables rapid prototyping and evaluation of next-generation smart glasses. The platform adopts a modular architecture supporting both frame-based and event-based vision sensors. To the best of our knowledge, this is the first open smart-glasses platform integrating event-based vision sensing in a glasses form factor, enabling ultra-efficient visual perception for wearable edge AI systems.
The system incorporates a hardware–software co-designed power management framework optimized for battery-operated edge devices and continuous sensing workloads. As a reference implementation, we present a compact smart-glasses prototype that integrates multimodal sensing and on-device ML acceleration. The device can operate for several hours on a 300 mAh battery while sustaining real-time embedded vision workloads. A YOLOv8-based hand gesture recognition runs on-board with a few ms latency without relying on cloud connectivity. By releasing the platform as open hardware, OpenEdge RV aims to accelerate innovation within the RISC-V and open-edge AI communities, providing a reproducible foundation for research in wearable sensing, neuromorphic vision, and ultra-efficient on-device intelligence."
WHFNV3,talk,Non-blind,11-Thu,10h15,2026-06-11-RISC-V-Summit-Europe-10h15-FAN-abstract.pdf,2026-06-11-RISC-V-Summit-Europe-10h15-FAN-slides.pdf,A User-Friendly and AI-Ready Desktop for RISC-V: Bianbu LXQt,Xiaogang Fan,,"We present Bianbu LXQt, a user-oriented desktop environment for RISC-V platforms built on a deeply adapted LXQt software stack, optimized for real hardware such as SpacemiT’s K1 and K3 SoCs. Unlike straightforward ports that assume x86-like hardware standardization, this work addresses common RISC-V Linux challenges, including fragmented peripheral support and the absence of a unified hardware abstraction layer. SpacemiT's CPUs integrate AI-oriented instruction extensions such as IME, enabling CPU-based inference without discrete GPUs or NPUs, requiring coordinated adaptation across the OS and AI frameworks.
Preserving LXQt’s lightweight design, we redesigned the UI and interaction logic to improve responsiveness and visual consistency on resource-constrained RISC-V systems. Development was accelerated using AI-assisted tooling, while continuous feedback from educators and early adopters guided iterative fixes for lag, crashes, and complex configuration—letting users focus on creation, learning, and development rather than system tuning.
The full software stack is open source with reproducible builds and modular components. We proved educational AI examples covering image recognition, speech processing, video analysis, and large language model inference,  all with intuitive GUIs. Frameworks including ONNX Runtime, llama.cpp, and Ollama run reliably, demonstrating the feasibility of RISC-V systems for AI deployment and local AI development.
Through practical system integration, community-driven iteration, and accessible AI tooling, this work shows RISC-V can deliver a polished, daily-driver desktop environment—moving beyond a demo into a trusted open platform for developers, educators, and innovators."
WWT8EV,talk,Non-blind,10-Wed,17h15,2026-06-10-RISC-V-Summit-Europe-17h15-ZHANG-abstract.pdf,2026-06-10-RISC-V-Summit-Europe-17h15-ZHANG-slides.pdf,Proposal of State Sensitive Counter (Sssscnt),Fengxue Zhang and Bohua Kou,,"PELT (Per-Entity Load Tracking) is an exponential decay-based per-entity load tracking algorithm in the Linux kernel. It significantly enhances the scheduler’s load awareness accuracy, response latency, and energy efficiency. However, there are still drawbacks in load tracking: The load metrics that are used are not CPU-frequency invariant. The advent of CPU frequency scaling causes task physical runtime to fluctuate with frequency, which, if uncorrected, distorts util_avg and leads to scheduling misjudgments. To address this, the kernel employs hardware counters (e.g., Intel APERF/MPERF, ARMv8.4-AMU) to implement frequency invariance accounting, ensuring util_avg remains anchored to the CPU’s maximum capacity, thereby maintaining load statistics accuracy and scheduling optimality in dynamic frequency environments.
Targeting RISC-V architectures, this proposal introduces State sensitive Counters to fill the gap in PELT
frequency invariance support. Together, these counters enable the derivation of real-time operating frequency and normalized utilization without costly synchronous queries."
XFYMDU,talk,Blind,09-Tue,17h15,2026-06-09-RISC-V-Summit-Europe-17h15-RODRÍGUEZ-abstract.pdf,2026-06-09-RISC-V-Summit-Europe-17h15-RODRÍGUEZ-slides.pdf,Practical Implications of SPMP-Based Virtualization in RISC-V,Manuel Rodríguez,,"The RISC-V SPMP for Hypervisor specification enable MMU-less virtualization through a multi-layered memory protection architecture. While this model provides strong isolation for mixed-criticality MCUs, concerns have been raised regarding the hardware overhead and timing impact of multiple PMP layers. In this work, we present an empirical evaluation of an SPMP for Hypervisor proof-of-concept implementation. We analyze FPGA resource utilization and timing behavior as a function of entry count and discuss realistic entry requirements for MCU-based virtualization workloads, providing insights for hardware designers adopting SPMP-based architectures."
99DRJM,keynote,,11-Thu,09h30,2026-06-11-RISC-V-Summit-Europe-09h30-ZUFFO-abstract.pdf,2026-06-11-RISC-V-Summit-Europe-09h30-ZUFFO-slides.pdf,RISC-V for the Planet: Open-Source Microprocessors in the Internet of Trees,Marcelo Zuffo,,"Climate change and environmental degradation demand new approaches for large-scale, continuous, and intelligent sensing of natural ecosystems. The Internet of Trees proposes a distributed infrastructure where smart environmental probes deployed in forest environments become active nodes in a real-time environmental intelligence network—requiring computing platforms that are low-power, secure, adaptable, and affordable.

RISC-V offers a powerful foundation for next-generation environmental sensing systems. As an open-source ISA, it enables technological flexibility, design transparency, and long-term digital sovereignty, while allowing customized processors tailored to edge AI, wireless sensor networks, secure communication, and ultra-low-power operation. These features are especially critical for climate-oriented deployments in remote, resource-constrained environments.

This keynote presents the Internet of Trees as a case study for the strategic use of open-source microprocessor technology, discussing how RISC-V supports distributed sensing, local data processing, trusted operation, and scalable integration with cloud-based environmental platforms. Beyond technical efficiency, open microprocessor ecosystems can strengthen local innovation and sustainable semiconductor capacity—making RISC-V not merely a processor architecture, but an instrument for building resilient, sovereign infrastructures for planetary monitoring.

The Internet of Trees illustrates how open silicon can connect sustainability, intelligence, and environmental stewardship, a perspective particularly relevant for emerging economies seeking both climate action and technological autonomy. The convergence of open hardware and environmental intelligence may define a new class of digital infrastructure for the living world.

RISC-V can be one of its most important enabling technologies."
BQWHMQ,keynote,,09-Tue,11h30,2026-06-09-RISC-V-Summit-Europe-11h30-KROAH-HARTMAN-abstract.pdf,2026-06-09-RISC-V-Summit-Europe-11h30-KROAH-HARTMAN-slides.pdf,Linux on RISC-V: Learning from the Mistakes of History,Greg Kroah-Hartman,,"Many people in the past have said ""Don't make the same mistakes that other architectures have"" when it comes to the development of Linux for RISC-V.  Despite this warning, many of the same things keep happening, directly affecting the future success of RISC-V.  This talk will go into an opinionated description of some of these issues, and why we should learn from previous mistakes in order to save millions of dollars, and not waste precious effort."
C9CTGS,keynote,,10-Wed,10h00,2026-06-10-RISC-V-Summit-Europe-10h00-BENINI-abstract.pdf,2026-06-10-RISC-V-Summit-Europe-10h00-BENINI-slides.pdf,RISC-V: Enabling Open Physical AI,Luca Benini,,"Autonomous systems' (robots, cars, satellites...)  capabilities will be driven by Physical AI,  Energy efficiency is not the only key constraint for future physical AI chips, as safety and robustness are extremely critical for autonomous operation To tackle the compound challenge, we need  to aggressively optimize efficiency, leveraging specialization across all levels of the  chip design hierarchy, pushing into domain-specific design automation tools and methodologies, while at the same time accounting  for the increasing reliability concerns in advanced IC technology.  In this talk, I will give concrete examples of how RISC-V enables deep domain specialization, for efficient and safe, reliable Physical AI, emphasizing  the strategic importance of an open-platform approach."
CHMWCN,keynote,,10-Wed,09h45,2026-06-10-RISC-V-Summit-Europe-09h45-GILAD-abstract.pdf,2026-06-10-RISC-V-Summit-Europe-09h45-GILAD-slides.pdf,ARBEL™ The Leading Server-Class RISC-V CPU,Yiftach Gilad,,"Yiftach will introduce NextSilicon’s Arbel program, which includes a few generations of RISC-V out-of-order super scalar core systems, including a silicon chip and mini computer, and the plans for the first RISC-V server-grade high-performance RISC-V CPU."
EEJ8QY,keynote,,11-Thu,09h00,2026-06-11-RISC-V-Summit-Europe-09h00-DADASHEVA-abstract.pdf,2026-06-11-RISC-V-Summit-Europe-09h00-DADASHEVA-slides.pdf,Developing an Open Agentic SoC,Tanya Dadasheva,,"Ainekko’s Agentic SoC is an open, full-stack approach to AI-native silicon that treats hardware as a programmable, composable substrate for model execution rather than a fixed target. Built on a many-core RISC-V architecture with tile-based compute and memory, the platform enables automated model-to-hardware mapping, dynamic quantization, and workload-specific system composition at packaging time, eliminating the need for per-model tape-outs.

We invert the traditional stack: models define the hardware. Our approach sits between FPGA flexibility and etching models into ASIC-level efficiency, delivering high performance and practical economics while remaining fully programmable to adapt to rapidly evolving models and architectures.

Our programmable RISC-V fabric has been validated with a 1,088-core tape-out and is designed to scale to 4,000+ cores. On top of this foundation, we have built a set of open building blocks across RTL, compiler, and runtime, which we are open-sourcing through the OpenHW Foundation (CORE-ET project) and AIFoundry. This open ecosystem enables developers, researchers, and AI agents to co-design across the full stack and directly optimize execution on hardware. This openness is essential: supporting fast-moving models, heterogeneous edge workloads, and agent-driven development requires a system where new kernels, quantization strategies, and architectural innovations can be introduced and composed without vendor constraints."
FYEFSR,keynote,,10-Wed,09h30,2026-06-10-RISC-V-Summit-Europe-09h30-HU-abstract.pdf,2026-06-10-RISC-V-Summit-Europe-09h30-HU-slides.pdf,Nuclei: Full-Spectrum RISC-V IP & Automated SoC Design from Months to Hours,Bob Hu,,"This presentation introduces Nuclei’s Subsystem Architector, a game-changing automation tool for RISC-V SoC design. As a leading Chinese RISC-V IP vendor, Nuclei delivers a full lineup of self-developed cores from M0-class ultra-low-power to A78-class high-performance processors, plus a complete SoC IP portfolio. Featuring an intuitive GUI, the tool enables end-to-end subsystem configuration, auto-verification, and one-click generation of production-ready deliverables. It cuts design/verification efforts by up to 95%, slashing iteration time from months to hours. Proven in IoT, industrial, automotive and multimedia projects, it empowers efficient, differentiated SoC development."
GQYRRB,keynote,,09-Tue,10h15,2026-06-09-RISC-V-Summit-Europe-10h15-BAO-abstract.pdf,2026-06-09-RISC-V-Summit-Europe-10h15-BAO-slides.pdf,XiangShan Practice: The Path to Industrial Deployment of Open-Source High-Performance RISC-V Processor,YUNGANG BAO,,"XiangShan is an open-source high-performance RISC-V processor project launched in 2020. After six years of development, XiangShan has become the most active open-source hardware project internationally, with over 7,000 Stars and 900 Forks on GitHub. XiangShan is the highest-performance open-source RISC-V processor core in the world. The third-generation core, Kunminghu (KMH), supports RVA23 Profile and achieves a measured performance of 16.5 points/GHz on SPECCPU2006, reaching the level of ARM Neoverse‑N2 and meeting the requirements of data center and AI application scenarios. More importantly, XiangShan has achieved product‑level delivery and large‑scale deployment. Multiple companies have successfully taped out chips based on XiangShan and deployed them at scale, with shipments reaching 50,000 units. This talk introduces how XiangShan accelerates its iteration through agile design and achieves product‑level delivery quality through agile verification."
KHW8H3,keynote,,09-Tue,09h40,2026-06-09-RISC-V-Summit-Europe-09h40-GROVE-abstract.pdf,2026-06-09-RISC-V-Summit-Europe-09h40-GROVE-slides.pdf,Tailoring Workloads for Agentic AI Using Advanced Virtual Platforms for RISC-V,Sam Grove,,"The traditional model of selecting a CPU from a datasheet and then beginning software development is outdated. Today, customers need to optimize software while being able to influence the hardware. The hardware/software co-design paradigm shift drives new requirements: system-level virtual platforms; standards-based extensible hardware; and open toolchains.
 
This keynote will explore how virtual platforms for software development and workload optimization bridges the gap between hardware and software, enabling early architecture exploration for a variety of processor cores. Sam will explain how MIPS Atlas Explorer supports RISC-V designs that conform to standard Profiles while still allowing for application-specific extensions. He will showcase Atlas Explorer in action through demos targeting RISC-V core models and deploying to commercially available hardware. Attendees will also get a glimpse of how Atlas Explorer is being used by industry leaders to tailor systems around real workloads, reducing cost and increasing platform confidence ahead of silicon."
N9KRDZ,keynote,,10-Wed,09h00,2026-06-10-RISC-V-Summit-Europe-09h00-ASANOVIĆ-abstract.pdf,2026-06-10-RISC-V-Summit-Europe-09h00-ASANOVIĆ-slides.pdf,RISC-V State of the Union,Krste Asanović,,"In this session RISC-V’s Chief Architect will give an overview of RISC-V adoption across computing markets from Embedded to AI. Krste will discuss new developments in the RISC-V ISA, including security extensions and matrix extensions for AI, as well as new profile and platform initiatives."
SY39HX,keynote,,09-Tue,10h00,2026-06-09-RISC-V-Summit-Europe-10h00-GIANFREDA-abstract.pdf,2026-06-09-RISC-V-Summit-Europe-10h00-GIANFREDA-slides.pdf,Let's shift the mindset,Cosimo Damiano Gianfreda,,"Drawing from hands-on experience building Europe's first RISC-V HPC cluster (Monte Cimone), E4 Computer Engineering argues that RISC-V's main barrier to industrial adoption is no longer hardware, but mindset. The community must evolve from an ISA-focused culture to a full ecosystem vision: industry-grade CPUs and accelerators, robust OS and tooling support, a solid certification program, application porting, and active engagement with industrial users, ISVs, ODMs and OEMs. Only by combining a developer-first with a customer-first approach and actively listening to industrial users can RISC-V make the leap to mainstream adoption."
V7W33B,keynote,,11-Thu,11h30,2026-06-11-RISC-V-Summit-Europe-11h30-SHALA-abstract.pdf,2026-06-11-RISC-V-Summit-Europe-11h30-SHALA-slides.pdf,Albania is an AI-Factory,Kushtrim Shala,,"The European AI Factory initiative aims to distribute sovereign compute capacity across Europe, but participation from Western Balkans accession countries has remained largely aspirational. Albania is charting a different course.
Albania's ICT sector employs tens of thousands of skilled engineers, but almost entirely in software outsourcing—writing code for other countries' products on other countries' architectures. This model creates employment but not ownership, capability but not sovereignty. The age of AI demands transformation: from consuming compute to shaping it.
This talk presents a strategy to establish one of Europe's first RISC-V-native AI compute facilities. The initiative is designed not only to serve Albania's public-sector AI needs but to act as a regional compute hub for the Western Balkans and a gateway for Middle Eastern partners seeking EU-aligned AI infrastructure.
Critically, the strategy begins in the classroom. By embedding RISC-V into Albanian computer science and engineering education, the initiative connects that talent pipeline directly to a sovereign AI compute facility, transforming a generation of outsourcing engineers into architects of AI infrastructure.
Kushtrim Shala draws on Albania's track record in digital innovation to show how small, agile countries can move faster than larger member states in adopting open ISA infrastructure. The talk addresses what it takes to bootstrap a semiconductor culture and makes the case that RISC-V is not merely a technical choice but a strategic instrument of digital sovereignty—one that smaller nations can leverage to build resilient, independent AI capacity."
WLDTDU,keynote,,10-Wed,11h30,2026-06-10-RISC-V-Summit-Europe-11h30-FARISELLI-abstract.pdf,2026-06-10-RISC-V-Summit-Europe-11h30-FARISELLI-slides.pdf,From Eyewear to Silicon: RISC-V for Low-Power AI in Next-Generation Smart Glasses,Marco Fariselli,,"Smart glasses must run multiple demanding applications—speech enhancement, eye tracking, and automatic speech recognition—simultaneously within tens of milliwatts of power budget. This poses a significant challenge for platforms constrained by milliampere-hour batteries and gram-scale form factors.
Open hardware ecosystems, and RISC-V in particular, have proven invaluable. Rather than a contribution target, RISC-V provides a foundation to build on. Recent industrial and academic efforts have produced rigorously validated, ultra-low-power microarchitectures and extensive open knowledge that significantly lowers the barrier to custom silicon for teams whose expertise lies outside traditional semiconductor IP development.
The second key challenge is on-device ML inference in a field where model architectures evolve faster than fixed-function accelerators. Hyper-specialized NPUs risk obsolescence before shipping. The solution is heterogeneous SoCs: systems where dedicated NPUs handle heavy-lifting for characterized inference workloads, tightly coupled with programmable RISC-V cores for pre/post processing and new operations.
Crucially, RISC-V cores are extensible. Their ISA can be extended with custom instructions to efficiently cover emerging operators without full hardware redesigns—avoiding the obsolescence problem entirely.
This talk offers a high-level perspective on how a product-driven company approaches custom silicon for smart eyewear, and why RISC-V sits at the center of that strategy."
X9GUED,keynote,,09-Tue,09h15,2026-06-09-RISC-V-Summit-Europe-09h15-GALLO-abstract.pdf,2026-06-09-RISC-V-Summit-Europe-09h15-GALLO-slides.pdf,RISC-V Innovation at Scale,Andrea Gallo,,"The RISC-V ISA and ecosystem are redefining computing, enabling new innovations in applications from the smallest, simplest embedded systems to the most demanding high performance deployments. In this session Andrea Gallo, the CEO of RISC-V International, outlines the progress of the RISC-V ecosystem in real world applications from Automotive, to Embedded, to AI and Data Center. He will outline the successes and momentum that have come from the ratification of the RVA23 profile including the latest product news from around the RISC-V ecosystem in both hardware and software enablement."
YVHUED,keynote,,09-Tue,16h30,2026-06-09-RISC-V-Summit-Europe-16h30-DAHAN-abstract.pdf,2026-06-09-RISC-V-Summit-Europe-16h30-DAHAN-slides.pdf,No Fab Required: Monetizing RISC-V Designs in the Cloud,Jeremy Dahan,,"The open-standard RISC-V instruction set architecture (ISA) represents a paradigm shift in processor design and development, with its modular and customizable nature enabling a new era of processors uniquely tailored to their software workload. At RISC-V Summit 2025, AWS explored the potential of hardware / software co-design in the cloud for advanced testing and simulation, enabled by scalable, cloud-based solutions that combine high-performance FPGA instances with advanced emulation capabilities. This talk will give an update on how this democratized access is accelerating innovation cycles, reducing costs, and enabling organizations of all sizes to participate in RISC-V development, and addresses how RISC-V core developers can use AWS to monetize their designs in the cloud without the need to go to silicon."
BLF3DX,invited talk,False,10-Wed,14h30,2026-06-10-RISC-V-Summit-Europe-14h30-TOMSICH-abstract.pdf,2026-06-10-RISC-V-Summit-Europe-14h30-TOMSICH-slides.pdf,Matrix Extensions for RISC-V: Delivering on the Promise,Dr. Philipp Tomsich,,"When the RISC-V matrix extensions effort was restructured into four complementary approaches at Summit Europe 2025 in Paris, it was a bold architectural bet — that the breadth of the RISC-V ecosystem demands not one rigid solution but a family of extensions spanning from lightweight vector-matrix primitives to fully independent matrix engines. One year later, that bet is paying off. This talk reports on the rapid progress across the matrix extension family as two of the four extensions — the Integrated Matrix Extensions (IME) and the Vector Matrix Extensions (VME) — converge on specification freeze. We trace the architectural decisions that brought IME and VME from concept to maturity: algebraic tile geometry that scales naturally with VLEN, the deliberate reuse of RVV state for seamless software integration, and the introduction of dedicated accumulator registers to unlock higher computational intensity where implementations demand it. Crucially, work is starting to unify IME and VME through a common LLVM-MLIR lowering path — giving compilers and AI/ML frameworks a single abstraction that targets both extensions, ensuring that the software ecosystem scales with the hardware rather than fragmenting across it. For Europe's semiconductor industry — from research institutions and startups to established design houses — standardized, open matrix extensions represent a strategic opportunity: competitive AI/ML and HPC capability on an open ISA, free from proprietary lock-in. RISC-V matrix support is no longer a roadmap item. It is arriving."
GLNQVZ,invited talk,False,10-Wed,16h30,2026-06-10-RISC-V-Summit-Europe-16h30-WILFORD-abstract.pdf,2026-06-10-RISC-V-Summit-Europe-16h30-WILFORD-slides.pdf,Transforming MCUs in an AI-Defined Era,Edward Wilford,,"As artificial intelligence reshapes embedded systems, MCUs are evolving from simple control devices into intelligent, distributed computing nodes. This talk explores how RISC-V architecture and scalable AI frameworks are enabling a pragmatic, incremental approach to system transformation—particularly critical in automotive applications where safety, reliability, and legacy integration remain paramount."
MZ9RFR,invited talk,False,11-Thu,14h30,2026-06-11-RISC-V-Summit-Europe-14h30-HOLLAND-abstract.pdf,2026-06-11-RISC-V-Summit-Europe-14h30-HOLLAND-slides.pdf,RISC‑V at Scale: From Embedded Dominance to Application Processor Opportunities,John Holland,,"RISC‑V has emerged as one of the most important new architectures in decades, achieving widespread adoption in embedded systems and shipping at massive scale. But as the industry looks beyond embedded into application processors, a new set of challenges—and opportunities—comes into focus.

This talk explores where RISC‑V stands today, what makes its next phase of growth fundamentally different, and why its future is likely to unfold unevenly across markets. It highlights key inflection points that will shape adoption and outlines where RISC‑V is poised to gain traction next."
SPMRUA,invited talk,False,09-Tue,14h30,2026-06-09-RISC-V-Summit-Europe-14h30-KRČMÁŘ-abstract.pdf,2026-06-09-RISC-V-Summit-Europe-14h30-KRČMÁŘ-slides.pdf,RISC-V Server Platform 1.0: One Spec to Boot Them All,Radim Krčmář,,"As RISC‑V enters high‑performance computing (from traditional data‑center servers to edge infrastructure, telecom systems, and industrial compute platforms) a unified platform definition is essential. Without a consistent hardware and firmware contract, system‑software vendors face fragmented bring‑up, slowing ecosystem adoption.

The RISC‑V Server Platform Specification solves this by defining a clear baseline that supports high‑performance RISC‑V platforms. Built by composing existing standards such as the RVA23 profile, Server‑class SoC requirements, UEFI/ACPI boot via BRS, SBI interfaces, and modern security foundations including roots of trust, secure boot, attestation, and BMC‑based management, the specification enables OS and hypervisor developers to target a single portable binary.

This talk outlines the goals, structure, and key requirements of Server Platform Specification 1.0, explaining how it reduces fragmentation, accelerates system‑software portability, and provides a stable foundation for interoperable, production‑ready RISC‑V platforms across diverse deployment environments."
USADYC,invited talk,False,09-Tue,16h45,2026-06-09-RISC-V-Summit-Europe-16h45-DELLOW-abstract.pdf,2026-06-09-RISC-V-Summit-Europe-16h45-DELLOW-slides.pdf,Beyond Privilege: The RISC‑V Isolation Toolbox from Microcontrollers to Confidential Computing,Andrew dellow,,"This talk surveys the RISC‑V isolation toolbox—spanning PMP/ePMP, SPMP, privilege levels, virtualization, Risc-V Worlds, and emerging Supervisor Domains—and shows how these mechanisms can be combined to build scalable, composable security and safety systems beyond traditional privilege separation.

RISC‑V has steadily developed a rich and diverse set of isolation mechanisms, including ePMP for physical memory protection, privilege levels for execution control, page‑based virtual memory for scalable address isolation, hypervisor extensions for virtualization, and Worlds for hardware‑enforced compartmentalization. Each of these tools addresses different isolation challenges, from resource‑constrained microcontrollers to full server‑class systems.

Modern platforms increasingly demand fine‑grained, composable isolation rather than coarse, monolithic privilege separation. Mixed‑criticality systems, safety‑certified embedded platforms, and confidential computing environments all require isolation techniques that can be layered, combined, and adapted to different threat models and deployment constraints.

This talk presents a toolbox‑oriented view of RISC‑V isolation.

Supervisor Domains are introduced as an emerging architectural direction within this toolbox, exploring finer‑grained isolation within supervisor mode itself. While still evolving, Supervisor Domains illustrate the broader move beyond privilege levels toward more modular and composable execution domains and provide a useful lens for understanding how future RISC‑V systems may further decompose trusted software."
