Day,Island,StantRank,StandId,PosterId,AbstractPDFFileName,PosterPDFFileName
Thu,1.1,01,1.1.01-Thu,18,2025-05-15-RISC-V-Summit-Europe-1.1-01-ANDRIĆ-abstract.pdf,2025-05-15-RISC-V-Summit-Europe-1.1-01-ANDRIĆ-poster.pdf
Tue,1.1,01,1.1.01-Tue,101,2025-05-13-RISC-V-Summit-Europe-1.1-01-VAN-KEMPEN-abstract.pdf,2025-05-13-RISC-V-Summit-Europe-1.1-01-VAN-KEMPEN-poster.pdf
Wed,1.1,01,1.1.01-Wed,102,2025-05-14-RISC-V-Summit-Europe-1.1-01-BARBIROTTA-abstract.pdf,2025-05-14-RISC-V-Summit-Europe-1.1-01-BARBIROTTA-poster.pdf
Wed,1.1,02,1.1.02-Wed,7,2025-05-14-RISC-V-Summit-Europe-1.1-02-QUENEHERVE-abstract.pdf,2025-05-14-RISC-V-Summit-Europe-1.1-02-QUENEHERVE-poster.pdf
Thu,1.1,02,1.1.02-Thu,62,2025-05-15-RISC-V-Summit-Europe-1.1-02-GAMBLIN-abstract.pdf,2025-05-15-RISC-V-Summit-Europe-1.1-02-GAMBLIN-poster.pdf
Tue,1.1,02,1.1.02-Tue,161,,
Thu,1.1,03,1.1.03-Thu,67,,
Tue,1.1,03,1.1.03-Tue,109,2025-05-13-RISC-V-Summit-Europe-1.1-03-MARTINO-abstract.pdf,
Wed,1.1,03,1.1.03-Wed,175,2025-05-14-RISC-V-Summit-Europe-1.1-03-PINTO-abstract.pdf,2025-05-14-RISC-V-Summit-Europe-1.1-03-PINTO-poster.pdf
Thu,1.1,04,1.1.04-Thu,72,,2025-05-15-RISC-V-Summit-Europe-1.1-04-WU-poster.pdf
Tue,1.1,04,1.1.04-Tue,125,,
Wed,1.1,04,1.1.04-Wed,182,2025-05-14-RISC-V-Summit-Europe-1.1-04-KOSMIDIS-abstract.pdf,2025-05-14-RISC-V-Summit-Europe-1.1-04-KOSMIDIS-poster.pdf
Thu,1.1,05,1.1.05-Thu,78,2025-05-15-RISC-V-Summit-Europe-1.1-05-WEINGARTEN-abstract.pdf,
Wed,1.1,05,1.1.05-Wed,206,2025-05-14-RISC-V-Summit-Europe-1.1-05-KHOMICH-abstract.pdf,2025-05-14-RISC-V-Summit-Europe-1.1-05-KHOMICH-poster.pdf
Tue,1.1,05,1.1.05-Tue,220,2025-05-13-RISC-V-Summit-Europe-1.1-05-QIU-abstract.pdf,2025-05-13-RISC-V-Summit-Europe-1.1-05-QIU-poster.pdf
Wed,1.1,06,1.1.06-Wed,127,2025-05-14-RISC-V-Summit-Europe-1.1-06-MARAZAKIS-abstract.pdf,2025-05-14-RISC-V-Summit-Europe-1.1-06-MARAZAKIS-poster.pdf
Thu,1.1,06,1.1.06-Thu,155,2025-05-15-RISC-V-Summit-Europe-1.1-06-FOIK-abstract.pdf,2025-05-15-RISC-V-Summit-Europe-1.1-06-FOIK-poster.pdf
Wed,1.1,07,1.1.07-Wed,58,2025-05-14-RISC-V-Summit-Europe-1.1-07-CHUAH-abstract.pdf,2025-05-14-RISC-V-Summit-Europe-1.1-07-CHUAH-poster.pdf
Tue,1.1,07,1.1.07-Tue,159,2025-05-13-RISC-V-Summit-Europe-1.1-07-ZIELASKO-abstract.pdf,2025-05-13-RISC-V-Summit-Europe-1.1-07-ZIELASKO-poster.pdf
Thu,1.1,07,1.1.07-Thu,171,,
Tue,1.1,08,1.1.08-Tue,17,2025-05-13-RISC-V-Summit-Europe-1.1-08-LEE-abstract.pdf,2025-05-13-RISC-V-Summit-Europe-1.1-08-LEE-poster.pdf
Wed,1.1,08,1.1.08-Wed,43,2025-05-14-RISC-V-Summit-Europe-1.1-08-GAUDIN-abstract.pdf,2025-05-14-RISC-V-Summit-Europe-1.1-08-GAUDIN-poster.pdf
Thu,1.1,08,1.1.08-Thu,174,2025-05-15-RISC-V-Summit-Europe-1.1-08-TARIQ-abstract.pdf,2025-05-15-RISC-V-Summit-Europe-1.1-08-TARIQ-poster.pdf
Tue,1.1,09,1.1.09-Tue,77,2025-05-13-RISC-V-Summit-Europe-1.1-09-CHEN-abstract.pdf,2025-05-13-RISC-V-Summit-Europe-1.1-09-CHEN-poster.pdf
Wed,1.1,09,1.1.09-Wed,100,2025-05-14-RISC-V-Summit-Europe-1.1-09-POTTIER-abstract.pdf,2025-05-14-RISC-V-Summit-Europe-1.1-09-POTTIER-poster.pdf
Thu,1.1,09,1.1.09-Thu,180,2025-05-15-RISC-V-Summit-Europe-1.1-09-LAZAR-abstract.pdf,2025-05-15-RISC-V-Summit-Europe-1.1-09-LAZAR-poster.pdf
Tue,1.1,10,1.1.10-Tue,86,2025-05-13-RISC-V-Summit-Europe-1.1-10-HUNG-abstract.pdf,
Wed,1.1,10,1.1.10-Wed,112,2025-05-14-RISC-V-Summit-Europe-1.1-10-SURESH-abstract.pdf,2025-05-14-RISC-V-Summit-Europe-1.1-10-SURESH-poster.pdf
Thu,1.1,10,1.1.10-Thu,194,2025-05-15-RISC-V-Summit-Europe-1.1-10-GROVE-abstract.pdf,2025-05-15-RISC-V-Summit-Europe-1.1-10-GROVE-poster.pdf
Wed,1.1,11,1.1.11-Wed,131,2025-05-14-RISC-V-Summit-Europe-1.1-11-AIT-LAHSSAINE-abstract.pdf,2025-05-14-RISC-V-Summit-Europe-1.1-11-AIT-LAHSSAINE-poster.pdf
Tue,1.1,11,1.1.11-Tue,157,2025-05-13-RISC-V-Summit-Europe-1.1-11-POVEDA-abstract.pdf,2025-05-13-RISC-V-Summit-Europe-1.1-11-POVEDA-poster.pdf
Thu,1.1,11,1.1.11-Thu,197,,2025-05-15-RISC-V-Summit-Europe-1.1-11-YUAN-poster.pdf
Wed,1.1,12,1.1.12-Wed,141,2025-05-14-RISC-V-Summit-Europe-1.1-12-MERCOGLIANO-abstract.pdf,2025-05-14-RISC-V-Summit-Europe-1.1-12-MERCOGLIANO-poster.pdf
Thu,1.1,12,1.1.12-Thu,213,2025-05-15-RISC-V-Summit-Europe-1.1-12-SURENDRA-abstract.pdf,2025-05-15-RISC-V-Summit-Europe-1.1-12-SURENDRA-poster.pdf
Tue,1.1,12,1.1.12-Tue,232,2025-05-13-RISC-V-Summit-Europe-1.1-12-MURRAY-abstract.pdf,2025-05-13-RISC-V-Summit-Europe-1.1-12-MURRAY-poster.pdf
Tue,1.2,01,1.2.01-Tue,83,2025-05-13-RISC-V-Summit-Europe-1.2-01-WU-abstract.pdf,2025-05-13-RISC-V-Summit-Europe-1.2-01-WU-poster.pdf
Wed,1.2,01,1.2.01-Wed,152,2025-05-14-RISC-V-Summit-Europe-1.2-01-CARRIL-GIL-abstract.pdf,2025-05-14-RISC-V-Summit-Europe-1.2-01-CARRIL-GIL-poster.pdf
Thu,1.2,01,1.2.01-Thu,229,2025-05-15-RISC-V-Summit-Europe-1.2-01-ABDURACHMANV-abstract.pdf,2025-05-15-RISC-V-Summit-Europe-1.2-01-ABDURACHMANV-poster.pdf
Tue,1.2,02,1.2.02-Tue,107,,
Thu,1.2,02,1.2.02-Thu,173,,
Wed,1.2,02,1.2.02-Wed,209,2025-05-14-RISC-V-Summit-Europe-1.2-02-KHOMICH-abstract.pdf,2025-05-14-RISC-V-Summit-Europe-1.2-02-KHOMICH-poster.pdf
Wed,1.2,03,1.2.03-Wed,3,2025-05-14-RISC-V-Summit-Europe-1.2-03-LI-abstract.pdf,2025-05-14-RISC-V-Summit-Europe-1.2-03-LI-poster.pdf
Thu,1.2,03,1.2.03-Thu,106,,
Tue,1.2,03,1.2.03-Tue,114,2025-05-13-RISC-V-Summit-Europe-1.2-03-PRADES-abstract.pdf,2025-05-13-RISC-V-Summit-Europe-1.2-03-PRADES-poster.pdf
Tue,1.2,04,1.2.04-Tue,20,2025-05-13-RISC-V-Summit-Europe-1.2-04-HAWICH-abstract.pdf,2025-05-13-RISC-V-Summit-Europe-1.2-04-HAWICH-poster.pdf
Wed,1.2,04,1.2.04-Wed,179,2025-05-14-RISC-V-Summit-Europe-1.2-04-MARAZAKIS-abstract.pdf,2025-05-14-RISC-V-Summit-Europe-1.2-04-MARAZAKIS-poster.pdf
Tue,1.3,01,1.3.01-Tue,21,2025-05-13-RISC-V-Summit-Europe-1.3-01-BAKOWSKI-abstract.pdf,2025-05-13-RISC-V-Summit-Europe-1.3-01-BAKOWSKI-poster.pdf
Wed,1.3,01,1.3.01-Wed,28,2025-05-14-RISC-V-Summit-Europe-1.3-01-WEI-abstract.pdf,2025-05-14-RISC-V-Summit-Europe-1.3-01-WEI-poster.pdf
Thu,1.3,01,1.3.01-Thu,235,2025-05-15-RISC-V-Summit-Europe-1.3-01-LUO-abstract.pdf,2025-05-15-RISC-V-Summit-Europe-1.3-01-LUO-poster.pdf
Thu,1.3,02,1.3.02-Thu,6,2025-05-15-RISC-V-Summit-Europe-1.3-02-SCHEIPEL-abstract.pdf,2025-05-15-RISC-V-Summit-Europe-1.3-02-SCHEIPEL-poster.pdf
Wed,1.3,02,1.3.02-Wed,33,2025-05-14-RISC-V-Summit-Europe-1.3-02-PALUMBO-abstract.pdf,2025-05-14-RISC-V-Summit-Europe-1.3-02-PALUMBO-poster.pdf
Tue,1.3,02,1.3.02-Tue,172,,
Tue,1.3,03,1.3.03-Tue,31,2025-05-13-RISC-V-Summit-Europe-1.3-03-PEREZ-PEDRAJAS-abstract.pdf,2025-05-13-RISC-V-Summit-Europe-1.3-03-PEREZ-PEDRAJAS-poster.pdf
Wed,1.3,03,1.3.03-Wed,36,2025-05-14-RISC-V-Summit-Europe-1.3-03-PALUMBO-abstract.pdf,2025-05-14-RISC-V-Summit-Europe-1.3-03-PALUMBO-poster.pdf
Thu,1.3,03,1.3.03-Thu,50,2025-05-15-RISC-V-Summit-Europe-1.3-03-YU-abstract.pdf,2025-05-15-RISC-V-Summit-Europe-1.3-03-YU-poster.pdf
Wed,1.3,04,1.3.04-Wed,80,2025-05-14-RISC-V-Summit-Europe-1.3-04-HARRIS-abstract.pdf,2025-05-14-RISC-V-Summit-Europe-1.3-04-HARRIS-poster.pdf
Tue,1.3,04,1.3.04-Tue,122,2025-05-13-RISC-V-Summit-Europe-1.3-04-MAVROIDIS-abstract.pdf,2025-05-13-RISC-V-Summit-Europe-1.3-04-MAVROIDIS-poster.pdf
Thu,1.3,04,1.3.04-Thu,215,2025-05-15-RISC-V-Summit-Europe-1.3-04-GIORGI-abstract.pdf,2025-05-15-RISC-V-Summit-Europe-1.3-04-GIORGI-poster.pdf
Wed,1.3,05,1.3.05-Wed,85,2025-05-14-RISC-V-Summit-Europe-1.3-05-DOLMETA-abstract.pdf,2025-05-14-RISC-V-Summit-Europe-1.3-05-DOLMETA-poster.pdf
Tue,1.3,05,1.3.05-Tue,212,2025-05-13-RISC-V-Summit-Europe-1.3-05-KRÖGER-abstract.pdf,2025-05-13-RISC-V-Summit-Europe-1.3-05-KRÖGER-poster.pdf
Thu,1.3,06,1.3.06-Thu,29,2025-05-15-RISC-V-Summit-Europe-1.3-06-FUMERO-abstract.pdf,2025-05-15-RISC-V-Summit-Europe-1.3-06-FUMERO-poster.pdf
Wed,1.3,06,1.3.06-Wed,134,2025-05-14-RISC-V-Summit-Europe-1.3-06-GEORGET-abstract.pdf,2025-05-14-RISC-V-Summit-Europe-1.3-06-GEORGET-poster.pdf
Tue,1.3,06,1.3.06-Tue,170,,
Thu,1.3,07,1.3.07-Thu,81,2025-05-15-RISC-V-Summit-Europe-1.3-07-MATHILAKATH-PADINHAREPATT-abstract.pdf,2025-05-15-RISC-V-Summit-Europe-1.3-07-MATHILAKATH-PADINHAREPATT-poster.pdf
Tue,1.3,07,1.3.07-Tue,117,,
Wed,1.3,07,1.3.07-Wed,164,2025-05-14-RISC-V-Summit-Europe-1.3-07-BROKALAKIS-abstract.pdf,2025-05-14-RISC-V-Summit-Europe-1.3-07-BROKALAKIS-poster.pdf
Tue,1.3,08,1.3.08-Tue,153,,
Thu,1.3,08,1.3.08-Thu,163,2025-05-15-RISC-V-Summit-Europe-1.3-08-ATALAY-abstract.pdf,2025-05-15-RISC-V-Summit-Europe-1.3-08-ATALAY-poster.pdf
Wed,1.3,08,1.3.08-Wed,184,2025-05-14-RISC-V-Summit-Europe-1.3-08-BOULIFA-abstract.pdf,2025-05-14-RISC-V-Summit-Europe-1.3-08-BOULIFA-poster.pdf
Thu,1.3,09,1.3.09-Thu,64,2025-05-15-RISC-V-Summit-Europe-1.3-09-OLIVA-VIÑAS-abstract.pdf,2025-05-15-RISC-V-Summit-Europe-1.3-09-OLIVA-VIÑAS-poster.pdf
Tue,1.3,09,1.3.09-Tue,74,,2025-05-13-RISC-V-Summit-Europe-1.3-09-AVANZI-poster.pdf
Wed,1.3,09,1.3.09-Wed,201,2025-05-14-RISC-V-Summit-Europe-1.3-09-BHADE-abstract.pdf,2025-05-14-RISC-V-Summit-Europe-1.3-09-BHADE-poster.pdf
Tue,1.3,10,1.3.10-Tue,111,2025-05-13-RISC-V-Summit-Europe-1.3-10-SANCHEZ-YUN-abstract.pdf,2025-05-13-RISC-V-Summit-Europe-1.3-10-SANCHEZ-YUN-poster.pdf
Wed,1.3,10,1.3.10-Wed,214,2025-05-14-RISC-V-Summit-Europe-1.3-10-COUROUSSÉ-abstract.pdf,
Thu,1.4,01,1.4.01-Thu,99,2025-05-15-RISC-V-Summit-Europe-1.4-01-AHMAD-abstract.pdf,2025-05-15-RISC-V-Summit-Europe-1.4-01-AHMAD-poster.pdf
Tue,1.4,01,1.4.01-Tue,129,2025-05-13-RISC-V-Summit-Europe-1.4-01-AKTOUF-abstract.pdf,2025-05-13-RISC-V-Summit-Europe-1.4-01-AKTOUF-poster.pdf
Wed,1.4,01,1.4.01-Wed,226,2025-05-14-RISC-V-Summit-Europe-1.4-01-BITON-abstract.pdf,2025-05-14-RISC-V-Summit-Europe-1.4-01-BITON-poster.pdf
Wed,1.4,02,1.4.02-Wed,15,,2025-05-14-RISC-V-Summit-Europe-1.4-02-XIAOXIA-poster.pdf
Thu,1.4,02,1.4.02-Thu,49,2025-05-15-RISC-V-Summit-Europe-1.4-02-ZHANG-abstract.pdf,2025-05-15-RISC-V-Summit-Europe-1.4-02-ZHANG-poster.pdf
Tue,1.4,02,1.4.02-Tue,70,2025-05-13-RISC-V-Summit-Europe-1.4-02-SCHÖNEWALD-abstract.pdf,2025-05-13-RISC-V-Summit-Europe-1.4-02-SCHÖNEWALD-poster.pdf
Wed,1.4,03,1.4.03-Wed,108,2025-05-14-RISC-V-Summit-Europe-1.4-03-SAJJAD-abstract.pdf,2025-05-14-RISC-V-Summit-Europe-1.4-03-SAJJAD-poster.pdf
Tue,1.4,03,1.4.03-Tue,168,,
Thu,1.4,03,1.4.03-Thu,199,2025-05-15-RISC-V-Summit-Europe-1.4-03-LAU-abstract.pdf,2025-05-15-RISC-V-Summit-Europe-1.4-03-LAU-poster.pdf
Tue,1.4,04,1.4.04-Tue,25,,
Wed,1.4,04,1.4.04-Wed,27,,2025-05-14-RISC-V-Summit-Europe-1.4-04-KIM-poster.pdf
Thu,2.1,01,2.1.01-Thu,37,2025-05-15-RISC-V-Summit-Europe-2.1-01-THACKRAY-abstract.pdf,2025-05-15-RISC-V-Summit-Europe-2.1-01-THACKRAY-poster.pdf
Tue,2.1,01,2.1.01-Tue,97,2025-05-13-RISC-V-Summit-Europe-2.1-01-PRIKRYL-abstract.pdf,2025-05-13-RISC-V-Summit-Europe-2.1-01-PRIKRYL-poster.pdf
Wed,2.1,01,2.1.01-Wed,119,2025-05-14-RISC-V-Summit-Europe-2.1-01-ZHANG-abstract.pdf,2025-05-14-RISC-V-Summit-Europe-2.1-01-ZHANG-poster.pdf
Tue,2.1,02,2.1.02-Tue,26,2025-05-13-RISC-V-Summit-Europe-2.1-02-HORMIGO-abstract.pdf,2025-05-13-RISC-V-Summit-Europe-2.1-02-HORMIGO-poster.pdf
Wed,2.1,02,2.1.02-Wed,47,2025-05-14-RISC-V-Summit-Europe-2.1-02-CHANG-abstract.pdf,2025-05-14-RISC-V-Summit-Europe-2.1-02-CHANG-poster.pdf
Thu,2.1,02,2.1.02-Thu,54,2025-05-15-RISC-V-Summit-Europe-2.1-02-SCHLAEGL-abstract.pdf,2025-05-15-RISC-V-Summit-Europe-2.1-02-SCHLAEGL-poster.pdf
Thu,2.1,03,2.1.03-Thu,57,2025-05-15-RISC-V-Summit-Europe-2.1-03-TOKEZ-abstract.pdf,2025-05-15-RISC-V-Summit-Europe-2.1-03-TOKEZ-poster.pdf
Tue,2.1,03,2.1.03-Tue,105,2025-05-13-RISC-V-Summit-Europe-2.1-03-HUNTER-abstract.pdf,2025-05-13-RISC-V-Summit-Europe-2.1-03-HUNTER-poster.pdf
Wed,2.1,03,2.1.03-Wed,136,2025-05-14-RISC-V-Summit-Europe-2.1-03-IGHILAHRIZ-abstract.pdf,2025-05-14-RISC-V-Summit-Europe-2.1-03-IGHILAHRIZ-poster.pdf
Thu,2.1,04,2.1.04-Thu,61,2025-05-15-RISC-V-Summit-Europe-2.1-04-ALFARO-CORTÉS-abstract.pdf,2025-05-15-RISC-V-Summit-Europe-2.1-04-ALFARO-CORTÉS-poster.pdf
Wed,2.1,04,2.1.04-Wed,79,2025-05-14-RISC-V-Summit-Europe-2.1-04-HE-abstract.pdf,2025-05-14-RISC-V-Summit-Europe-2.1-04-HE-poster.pdf
Tue,2.1,04,2.1.04-Tue,126,2025-05-13-RISC-V-Summit-Europe-2.1-04-LATIF-abstract.pdf,2025-05-13-RISC-V-Summit-Europe-2.1-04-LATIF-poster.pdf
Thu,2.1,05,2.1.05-Thu,69,2025-05-15-RISC-V-Summit-Europe-2.1-05-ROJAS-MORALES-abstract.pdf,2025-05-15-RISC-V-Summit-Europe-2.1-05-ROJAS-MORALES-poster.pdf
Wed,2.1,05,2.1.05-Wed,144,2025-05-14-RISC-V-Summit-Europe-2.1-05-GENOVESE-abstract.pdf,2025-05-14-RISC-V-Summit-Europe-2.1-05-GENOVESE-poster.pdf
Tue,2.1,05,2.1.05-Tue,178,2025-05-13-RISC-V-Summit-Europe-2.1-05-JONES-abstract.pdf,2025-05-13-RISC-V-Summit-Europe-2.1-05-JONES-poster.pdf
Wed,2.1,06,2.1.06-Wed,89,2025-05-14-RISC-V-Summit-Europe-2.1-06-YU-abstract.pdf,2025-05-14-RISC-V-Summit-Europe-2.1-06-YU-poster.pdf
Tue,2.1,06,2.1.06-Tue,225,2025-05-13-RISC-V-Summit-Europe-2.1-06-TANG-abstract.pdf,2025-05-13-RISC-V-Summit-Europe-2.1-06-TANG-poster.pdf
Tue,2.1,07,2.1.07-Tue,34,2025-05-13-RISC-V-Summit-Europe-2.1-07-GUTHMULLER-abstract.pdf,2025-05-13-RISC-V-Summit-Europe-2.1-07-GUTHMULLER-poster.pdf
Wed,2.1,07,2.1.07-Wed,189,2025-05-14-RISC-V-Summit-Europe-2.1-07-BASHIR-abstract.pdf,2025-05-14-RISC-V-Summit-Europe-2.1-07-BASHIR-poster.pdf
Thu,2.1,07,2.1.07-Thu,210,,
Thu,2.1,08,2.1.08-Thu,44,2025-05-15-RISC-V-Summit-Europe-2.1-08-WASIL-abstract.pdf,2025-05-15-RISC-V-Summit-Europe-2.1-08-WASIL-poster.pdf
Tue,2.1,08,2.1.08-Tue,95,2025-05-13-RISC-V-Summit-Europe-2.1-08-EGERT-abstract.pdf,2025-05-13-RISC-V-Summit-Europe-2.1-08-EGERT-poster.pdf
Wed,2.1,08,2.1.08-Wed,124,2025-05-14-RISC-V-Summit-Europe-2.1-08-SAVARY-abstract.pdf,2025-05-14-RISC-V-Summit-Europe-2.1-08-SAVARY-poster.pdf
Thu,2.2,01,2.2.01-Thu,66,2025-05-15-RISC-V-Summit-Europe-2.2-01-MONSERRAT-CAMPANELLO-abstract.pdf,2025-05-15-RISC-V-Summit-Europe-2.2-01-MONSERRAT-CAMPANELLO-poster.pdf
Tue,2.2,01,2.2.01-Tue,98,2025-05-13-RISC-V-Summit-Europe-2.2-01-WU-abstract.pdf,2025-05-13-RISC-V-Summit-Europe-2.2-01-WU-poster.pdf
Wed,2.2,01,2.2.01-Wed,200,2025-05-14-RISC-V-Summit-Europe-2.2-01-XU-abstract.pdf,2025-05-14-RISC-V-Summit-Europe-2.2-01-XU-poster.pdf
Thu,2.2,02,2.2.02-Thu,73,2025-05-15-RISC-V-Summit-Europe-2.2-02-SONG-abstract.pdf,2025-05-15-RISC-V-Summit-Europe-2.2-02-SONG-poster.pdf
Wed,2.2,02,2.2.02-Wed,130,2025-05-14-RISC-V-Summit-Europe-2.2-02-AMPLIANITIS-abstract.pdf,2025-05-14-RISC-V-Summit-Europe-2.2-02-AMPLIANITIS-poster.pdf
Tue,2.2,02,2.2.02-Tue,148,2025-05-13-RISC-V-Summit-Europe-2.2-02-GUO-abstract.pdf,2025-05-13-RISC-V-Summit-Europe-2.2-02-GUO-poster.pdf
Thu,2.2,03,2.2.03-Thu,104,2025-05-15-RISC-V-Summit-Europe-2.2-03-ASSOUMANI-abstract.pdf,2025-05-15-RISC-V-Summit-Europe-2.2-03-ASSOUMANI-poster.pdf
Tue,2.2,03,2.2.03-Tue,151,2025-05-13-RISC-V-Summit-Europe-2.2-03-SINGH-abstract.pdf,2025-05-13-RISC-V-Summit-Europe-2.2-03-SINGH-poster.pdf
Wed,2.2,03,2.2.03-Wed,203,2025-05-14-RISC-V-Summit-Europe-2.2-03-ZHU-abstract.pdf,2025-05-14-RISC-V-Summit-Europe-2.2-03-ZHU-poster.pdf
Thu,2.2,04,2.2.04-Thu,128,2025-05-15-RISC-V-Summit-Europe-2.2-04-ZAK-abstract.pdf,2025-05-15-RISC-V-Summit-Europe-2.2-04-ZAK-poster.pdf
Wed,2.2,04,2.2.04-Wed,133,2025-05-14-RISC-V-Summit-Europe-2.2-04-ZHONG-abstract.pdf,2025-05-14-RISC-V-Summit-Europe-2.2-04-ZHONG-poster.pdf
Thu,2.2,05,2.2.05-Thu,167,2025-05-15-RISC-V-Summit-Europe-2.2-05-KOURZANOV-abstract.pdf,2025-05-15-RISC-V-Summit-Europe-2.2-05-KOURZANOV-poster.pdf
Wed,2.2,05,2.2.05-Wed,204,2025-05-14-RISC-V-Summit-Europe-2.2-05-XIE-abstract.pdf,2025-05-14-RISC-V-Summit-Europe-2.2-05-XIE-poster.pdf
Tue,2.2,05,2.2.05-Tue,219,2025-05-13-RISC-V-Summit-Europe-2.2-05-VIZCAINO-abstract.pdf,2025-05-13-RISC-V-Summit-Europe-2.2-05-VIZCAINO-poster.pdf
Wed,2.2,06,2.2.06-Wed,143,2025-05-14-RISC-V-Summit-Europe-2.2-06-KARMARKAR-abstract.pdf,2025-05-14-RISC-V-Summit-Europe-2.2-06-KARMARKAR-poster.pdf
Tue,2.2,06,2.2.06-Tue,176,2025-05-13-RISC-V-Summit-Europe-2.2-06-PETROLO-abstract.pdf,2025-05-13-RISC-V-Summit-Europe-2.2-06-PETROLO-poster.pdf
Thu,2.2,06,2.2.06-Thu,193,2025-05-15-RISC-V-Summit-Europe-2.2-06-RUGG-abstract.pdf,2025-05-15-RISC-V-Summit-Europe-2.2-06-RUGG-poster.pdf
Tue,2.2,07,2.2.07-Tue,186,2025-05-13-RISC-V-Summit-Europe-2.2-07-TEDESCHI-abstract.pdf,2025-05-13-RISC-V-Summit-Europe-2.2-07-TEDESCHI-poster.pdf
Thu,2.2,07,2.2.07-Thu,208,2025-05-15-RISC-V-Summit-Europe-2.2-07-LIU-abstract.pdf,2025-05-15-RISC-V-Summit-Europe-2.2-07-LIU-poster.pdf
Wed,2.2,07,2.2.07-Wed,217,2025-05-14-RISC-V-Summit-Europe-2.2-07-WAUCQUEZ-abstract.pdf,2025-05-14-RISC-V-Summit-Europe-2.2-07-WAUCQUEZ-poster.pdf
Tue,2.2,08,2.2.08-Tue,224,2025-05-13-RISC-V-Summit-Europe-2.2-08-ABDELHAMID-abstract.pdf,2025-05-13-RISC-V-Summit-Europe-2.2-08-ABDELHAMID-poster.pdf
Thu,2.3,01,2.3.01-Thu,12,2025-05-15-RISC-V-Summit-Europe-2.3-01-CAI-abstract.pdf,2025-05-15-RISC-V-Summit-Europe-2.3-01-CAI-poster.pdf
Tue,2.3,01,2.3.01-Tue,19,2025-05-13-RISC-V-Summit-Europe-2.3-01-LANG-abstract.pdf,2025-05-13-RISC-V-Summit-Europe-2.3-01-LANG-poster.pdf
Wed,2.3,01,2.3.01-Wed,190,2025-05-14-RISC-V-Summit-Europe-2.3-01-RODRÍGUEZ-abstract.pdf,2025-05-14-RISC-V-Summit-Europe-2.3-01-RODRÍGUEZ-poster.pdf
Thu,2.3,02,2.3.02-Thu,24,2025-05-15-RISC-V-Summit-Europe-2.3-02-PIKULA-abstract.pdf,2025-05-15-RISC-V-Summit-Europe-2.3-02-PIKULA-poster.pdf
Tue,2.3,02,2.3.02-Tue,87,2025-05-13-RISC-V-Summit-Europe-2.3-02-STAFFORD-abstract.pdf,2025-05-13-RISC-V-Summit-Europe-2.3-02-STAFFORD-poster.pdf
Wed,2.3,02,2.3.02-Wed,221,2025-05-14-RISC-V-Summit-Europe-2.3-02-SCHILLING-abstract.pdf,
Wed,2.3,03,2.3.03-Wed,16,2025-05-14-RISC-V-Summit-Europe-2.3-03-FUCHS-abstract.pdf,2025-05-14-RISC-V-Summit-Europe-2.3-03-FUCHS-poster.pdf
Tue,2.3,03,2.3.03-Tue,30,2025-05-13-RISC-V-Summit-Europe-2.3-03-REBOLLEDO-abstract.pdf,2025-05-13-RISC-V-Summit-Europe-2.3-03-REBOLLEDO-poster.pdf
Thu,2.3,03,2.3.03-Thu,132,2025-05-15-RISC-V-Summit-Europe-2.3-03-ALEXANDRE-abstract.pdf,2025-05-15-RISC-V-Summit-Europe-2.3-03-ALEXANDRE-poster.pdf
Wed,2.3,04,2.3.04-Wed,63,2025-05-14-RISC-V-Summit-Europe-2.3-04-DUQUE-ANTÓN-abstract.pdf,2025-05-14-RISC-V-Summit-Europe-2.3-04-DUQUE-ANTÓN-poster.pdf
Tue,2.3,04,2.3.04-Tue,75,,
Thu,2.3,04,2.3.04-Thu,138,2025-05-15-RISC-V-Summit-Europe-2.3-04-BAIG-abstract.pdf,2025-05-15-RISC-V-Summit-Europe-2.3-04-BAIG-poster.pdf
Thu,2.3,05,2.3.05-Thu,142,2025-05-15-RISC-V-Summit-Europe-2.3-05-SAUTER-abstract.pdf,2025-05-15-RISC-V-Summit-Europe-2.3-05-SAUTER-poster.pdf
Wed,2.3,06,2.3.06-Wed,118,2025-05-14-RISC-V-Summit-Europe-2.3-06-WANG-abstract.pdf,2025-05-14-RISC-V-Summit-Europe-2.3-06-WANG-poster.pdf
Tue,2.3,06,2.3.06-Tue,120,2025-05-13-RISC-V-Summit-Europe-2.3-06-OLIETE-ESCUÍN-abstract.pdf,2025-05-13-RISC-V-Summit-Europe-2.3-06-OLIETE-ESCUÍN-poster.pdf
Thu,2.3,06,2.3.06-Thu,185,2025-05-15-RISC-V-Summit-Europe-2.3-06-MOUHAGIR-abstract.pdf,2025-05-15-RISC-V-Summit-Europe-2.3-06-MOUHAGIR-poster.pdf
Wed,2.3,07,2.3.07-Wed,121,2025-05-14-RISC-V-Summit-Europe-2.3-07-KURD-abstract.pdf,2025-05-14-RISC-V-Summit-Europe-2.3-07-KURD-poster.pdf
Tue,2.3,07,2.3.07-Tue,137,2025-05-13-RISC-V-Summit-Europe-2.3-07-WALLUSZIK-abstract.pdf,2025-05-13-RISC-V-Summit-Europe-2.3-07-WALLUSZIK-poster.pdf
Thu,2.3,07,2.3.07-Thu,231,,
Wed,2.3,08,2.3.08-Wed,14,2025-05-14-RISC-V-Summit-Europe-2.3-08-SHARMA-abstract.pdf,2025-05-14-RISC-V-Summit-Europe-2.3-08-SHARMA-poster.pdf
Tue,2.3,08,2.3.08-Tue,48,2025-05-13-RISC-V-Summit-Europe-2.3-08-GRANJA-abstract.pdf,2025-05-13-RISC-V-Summit-Europe-2.3-08-GRANJA-poster.pdf
Thu,3.1,01,3.1.01-Thu,42,2025-05-15-RISC-V-Summit-Europe-3.1-01-LEOTHAUD-abstract.pdf,
Wed,3.1,01,3.1.01-Wed,52,2025-05-14-RISC-V-Summit-Europe-3.1-01-DOLMETA-abstract.pdf,2025-05-14-RISC-V-Summit-Europe-3.1-01-DOLMETA-poster.pdf
Tue,3.1,01,3.1.01-Tue,92,2025-05-13-RISC-V-Summit-Europe-3.1-01-JOANNOU-abstract.pdf,2025-05-13-RISC-V-Summit-Europe-3.1-01-JOANNOU-poster.pdf
Thu,3.1,01,3.1.01-Thu,160,2025-05-15-RISC-V-Summit-Europe-3.1-01-KOENIG-abstract.pdf,2025-05-15-RISC-V-Summit-Europe-3.1-01-KOENIG-poster.pdf
Thu,3.1,02,3.1.02-Thu,45,2025-05-15-RISC-V-Summit-Europe-3.1-02-GONZALEZ-abstract.pdf,2025-05-15-RISC-V-Summit-Europe-3.1-02-GONZALEZ-poster.pdf
Wed,3.1,02,3.1.02-Wed,56,2025-05-14-RISC-V-Summit-Europe-3.1-02-SARNO-abstract.pdf,2025-05-14-RISC-V-Summit-Europe-3.1-02-SARNO-poster.pdf
Thu,3.1,02,3.1.02-Thu,94,2025-05-15-RISC-V-Summit-Europe-3.1-02-JUNG-abstract.pdf,2025-05-15-RISC-V-Summit-Europe-3.1-02-JUNG-poster.pdf
Tue,3.1,02,3.1.02-Tue,181,2025-05-13-RISC-V-Summit-Europe-3.1-02-MUSTAFA-abstract.pdf,2025-05-13-RISC-V-Summit-Europe-3.1-02-MUSTAFA-poster.pdf
Thu,3.1,03,3.1.03-Thu,65,2025-05-15-RISC-V-Summit-Europe-3.1-03-HO-abstract.pdf,2025-05-15-RISC-V-Summit-Europe-3.1-03-HO-poster.pdf
Wed,3.1,03,3.1.03-Wed,146,,2025-05-14-RISC-V-Summit-Europe-3.1-03-HILL-poster.pdf
Thu,3.1,03,3.1.03-Thu,166,2025-05-15-RISC-V-Summit-Europe-3.1-03-BROWN-abstract.pdf,2025-05-15-RISC-V-Summit-Europe-3.1-03-BROWN-poster.pdf
Tue,3.1,03,3.1.03-Tue,177,2025-05-13-RISC-V-Summit-Europe-3.1-03-VENIERI-abstract.pdf,2025-05-13-RISC-V-Summit-Europe-3.1-03-VENIERI-poster.pdf
Thu,3.1,04,3.1.04-Thu,165,2025-05-15-RISC-V-Summit-Europe-3.1-04-LAGHI-abstract.pdf,2025-05-15-RISC-V-Summit-Europe-3.1-04-LAGHI-poster.pdf
Wed,3.1,04,3.1.04-Wed,187,2025-05-14-RISC-V-Summit-Europe-3.1-04-KOSMIDIS-abstract.pdf,2025-05-14-RISC-V-Summit-Europe-3.1-04-KOSMIDIS-poster.pdf
Thu,3.1,04,3.1.04-Thu,188,2025-05-15-RISC-V-Summit-Europe-3.1-04-SCHLAMELCHER-abstract.pdf,2025-05-15-RISC-V-Summit-Europe-3.1-04-SCHLAMELCHER-poster.pdf
Tue,3.1,04,3.1.04-Tue,223,2025-05-13-RISC-V-Summit-Europe-3.1-04-BROWN-abstract.pdf,2025-05-13-RISC-V-Summit-Europe-3.1-04-BROWN-poster.pdf
Wed,3.1,05,3.1.05-Wed,35,2025-05-14-RISC-V-Summit-Europe-3.1-05-GUTHMULLER-abstract.pdf,2025-05-14-RISC-V-Summit-Europe-3.1-05-GUTHMULLER-poster.pdf
Tue,3.1,05,3.1.05-Tue,149,2025-05-13-RISC-V-Summit-Europe-3.1-05-DE-LA-CALLE-abstract.pdf,2025-05-13-RISC-V-Summit-Europe-3.1-05-DE-LA-CALLE-poster.pdf
Thu,3.1,05,3.1.05-Thu,196,2025-05-15-RISC-V-Summit-Europe-3.1-05-KUMAR-abstract.pdf,2025-05-15-RISC-V-Summit-Europe-3.1-05-KUMAR-poster.pdf
Thu,3.1,05,3.1.05-Thu,218,2025-05-15-RISC-V-Summit-Europe-3.1-05-AHMED-abstract.pdf,2025-05-15-RISC-V-Summit-Europe-3.1-05-AHMED-poster.pdf
Tue,3.2,01,3.2.01-Tue,158,,2025-05-13-RISC-V-Summit-Europe-3.2-01-BENNETT-poster.pdf
Wed,3.2,01,3.2.01-Wed,222,2025-05-14-RISC-V-Summit-Europe-3.2-01-MUSA-abstract.pdf,2025-05-14-RISC-V-Summit-Europe-3.2-01-MUSA-poster.pdf
Wed,3.2,02,3.2.02-Wed,192,,2025-05-14-RISC-V-Summit-Europe-3.2-02-SHAW-poster.pdf
Tue,3.2,02,3.2.02-Tue,211,2025-05-13-RISC-V-Summit-Europe-3.2-02-DEPPE-abstract.pdf,2025-05-13-RISC-V-Summit-Europe-3.2-02-DEPPE-poster.pdf
Tue,3.2,03,3.2.03-Tue,59,2025-05-13-RISC-V-Summit-Europe-3.2-03-DOLMETA-abstract.pdf,2025-05-13-RISC-V-Summit-Europe-3.2-03-DOLMETA-poster.pdf
Wed,3.2,03,3.2.03-Wed,115,2025-05-14-RISC-V-Summit-Europe-3.2-03-KURD-abstract.pdf,2025-05-14-RISC-V-Summit-Europe-3.2-03-KURD-poster.pdf
Wed,3.2,04,3.2.04-Wed,154,2025-05-14-RISC-V-Summit-Europe-3.2-04-CUNHA-abstract.pdf,2025-05-14-RISC-V-Summit-Europe-3.2-04-CUNHA-poster.pdf
Tue,3.2,04,3.2.04-Tue,228,2025-05-13-RISC-V-Summit-Europe-3.2-04-ACEVEDO-abstract.pdf,2025-05-13-RISC-V-Summit-Europe-3.2-04-ACEVEDO-poster.pdf
Wed,3.2,05,3.2.05-Wed,103,2025-05-14-RISC-V-Summit-Europe-3.2-05-SHAJI-BABU-abstract.pdf,
